{
"apiVersion": "V2",
"assemblies": [
{
  "files": [
    {
      "filePath": "data_summary.tsv",
      "fileType": "DATA_TABLE",
      "uncompressedLengthBytes": "332"
    },
    {
      "filePath": "assembly_data_report.jsonl",
      "fileType": "DATA_REPORT",
      "uncompressedLengthBytes": "2156"
    }
  ]
},{
  "accession": "GCA_964253685.1",
  "files": [
    {
      "filePath": "GCA_964253685.1/genomic.gbff",
      "fileType": "GENBANK_FLAT_FILE",
      "uncompressedLengthBytes": "8299987"
    },
    {
      "filePath": "GCA_964253685.1/GCA_964253685.1_LjRoot287_genomic.fna",
      "fileType": "GENOMIC_NUCLEOTIDE_FASTA",
      "uncompressedLengthBytes": "6633698"
    }
  ]
}]}
